Method,silhouette_score,calinski_harabasz,davies_bouldin,adjusted_rand_index,normalized_mutual_info,cluster_purity
Beta-VAE + K-Means,0.457330584526062,55969.06497381904,0.6840176236525213,-1.728712334957706e-05,0.02073070534591848,0.44692737430167595
CVAE + K-Means,0.5513260960578918,13133.714586725207,0.5594410732936217,-0.0024576212354263005,0.023538242985721033,0.46033519553072627
PCA + K-Means,0.09983247518539429,111.27549972085313,2.2315117638913438,0.056991466107054696,0.13142616478663893,0.6011173184357542
Autoencoder + K-Means,0.4569491744041443,2170.324898449581,0.654553260661059,0.0016182630970313066,0.02527452512678283,0.4592178770949721
Direct Spectral + K-Means,0.08456352353096008,86.00562862328974,2.1832169047328973,0.0061438394188846526,0.04042086904475697,0.48156424581005586
